{"Train/loss": -0.0005410200326878111, "steps": 8, "_step": 101, "_runtime": 242, "_timestamp": 1606914300, "Test/loss": -0.00045605924467302184, "epochs": 7}