{"Train/loss": -0.976224935054779, "steps": 5, "_step": 70, "_runtime": 137, "_timestamp": 1606916678, "Test/loss": -0.9640869075601751, "epochs": 4}