{"Train/loss": -0.0011696157249389215, "steps": 2, "_step": 30, "_runtime": 64, "_timestamp": 1606912922, "Test/loss": 5.62274213404056e-05, "epochs": 1}