{"Train/loss": 0.0017206664313562214, "steps": 1, "_step": 18, "_runtime": 44, "_timestamp": 1606914429, "Test/loss": -0.00016569334230470386, "epochs": 0}