{"Train/loss": -0.9832180142402649, "steps": 37, "_step": 491, "_runtime": 898, "_timestamp": 1606917840, "Test/loss": -0.9694843097166581, "epochs": 36, "Test/reccor": 0.9613758437411246}