{"Train/loss": -0.0009546280118229334, "steps": 19, "_step": 238, "_runtime": 560, "_timestamp": 1606915180, "Test/loss": -0.0003004243014650208, "epochs": 18}